date,experiment_group,experiment,validation,bad_f1,flammable_f1,macro_f1,status,notes
2026-08-20,040_late_fusion,Strong text SVM,5-fold StratifiedGroupKFold by normalized full text,0.9449265096511422,0.8342245989304813,0.8895755542908117,Success,Leakage-resistant model selection
2026-08-20,040_late_fusion,Qwen3-VL embedding SVM,5-fold StratifiedGroupKFold by normalized full text,0.9315955213435969,0.7846153846153846,0.8581054529794907,Success,Images useful but weaker alone
2026-08-20,040_late_fusion,Category-specific late fusion,5-fold StratifiedGroupKFold by normalized full text,0.9473120200035721,0.8512820512820513,0.8992970356428116,Success,Best grouped CV
2026-08-20,040_late_fusion,Qwen3-VL embedding SVM,Random 5-fold OOF,0.9392647842301545,0.8654353562005277,0.9023500702153411,Leakage warning,Optimistic because duplicate products cross folds
2026-08-20,040_late_fusion,Late-fusion submission smoke,"Official Docker image, H100, 3 products / 11 images",,,,Success,Output format valid; eager-attention fallback
2026-08-20,900_infrastructure_checks,Full-data text submission smoke,"Official Docker image, CPU, 4 products",,,,Success,Output schema valid
2026-08-20,100_paddleocr_hard_cases,PaddleOCR-VL-1.5 compatibility,"Official Docker image, one real product image",,,,Success,"Correct OCR; model load 5.23 s, total 8.25 s; pinned Transformers 4.55 + compatibility adapter"
2026-08-20,100_paddleocr_hard_cases,PaddleOCR short batch,"4 images, batch=4, max_new_tokens=64",,,,Success,19.51 s generation total; 4.88 s/image; 256-token variant rejected at 19.42 s/image
2026-08-20,000_text_baseline,Rule-based hard overrides,Grouped OOF applied on top of late fusion,0.8915079108814983,0.7125748502994012,0.8020413805904497,Rejected,Both category overrides materially reduce F1; retain rules as features only
2026-08-20,210_neighbor_priors,ID-neighbour prior,Same grouped folds; k-NN over numeric product id,0.9473215081558071,0.8512820512820513,0.8993017797189291,Rejected,Only +0.000005 macro at 2% ID weight; brittle and immaterial
2026-08-20,080_four_head_ensemble,Alternative embedding-head ensemble,Same 5 grouped folds; text + LinearSVC + ExtraTrees,0.9473120200035721,0.8556149732620321,0.9014634966328021,Success,ExtraTrees receives 5% only for flammable; +0.002166 macro over two-head fusion
2026-08-20,060_multiview_fusion,First-image-only Qwen embedding,"Higher resolution, no title/description; same grouped folds",0.9156835530881332,0.73224043715847,0.8239619951233016,Success,Weak alone but provides independent packaging/kit signal
2026-08-20,060_multiview_fusion,Three-view rank fusion,Text + all-images Qwen + first-image-only Qwen; same grouped folds,0.947809795699884,0.8564102564102564,0.9021100260550702,Success,Best grouped CV so far; stable 70/25/5 weights in both categories
2026-08-20,100_paddleocr_hard_cases,PaddleOCR hard-case correction,300 label-blind hard cases; batch=4,,,,Invalid,Cross-sample OCR contamination found by visual audit; results must not be used
2026-08-20,100_paddleocr_hard_cases,PaddleOCR hard-case correction r2,300 label-blind hard cases; strict batch=1,0.9465553977272727,0.8601583113456465,0.9033568545364596,Success,Visual audit passed; helps flammable but slightly hurts BAD
2026-08-20,060_multiview_fusion,Qwen3-VL text-only embedding,No images; aligned with image-only embedding space,,,,Success,"12,971 vectors in 6.7 min embedding time"
2026-08-20,070_cross_modal_interaction,Cross-modal text/image consistency,"Same grouped folds; text, image, |difference| and interaction features",0.9485450674237047,0.8564102564102564,0.9024776619169805,Success,Best BAD head: 70% TF-IDF + 30% cross-modal interaction
2026-08-20,080_four_head_ensemble,Four-head rank fusion,Same grouped folds; text/all-images/first-image/ExtraTrees,0.9479603677586361,0.8658227848101265,0.9068915762843813,Success,Best flammable head; ExtraTrees gets 35% on standard grouped folds
2026-08-20,050_duplicate_stress,Image-duplicate grouped stress,Union of exact full text and exact first-image embedding groups,0.9471090381061339,0.8541114058355438,0.9006102219708388,Success,ExtraTrees weight falls to zero; quantifies duplicate-photo sensitivity
2026-08-20,100_paddleocr_hard_cases,Four-head + OCR correction,Same grouped folds; OCR on 150 selected flammable hard cases,0.9479603677586361,0.8534704370179949,0.9007154023883155,Rejected,OCR correction does not stack with the stronger four-head baseline
2026-08-20,090_advanced_mixed,Category-mixed advanced ensemble,BAD cross-modal interaction + flammable four-head; same grouped folds,0.9485450674237047,0.8658227848101265,0.9071839261169156,Success,Best standard grouped CV; packaged as advanced-mixed submission
2026-08-20,090_advanced_mixed,Advanced-mixed submission smoke,"Official Docker image, H100, 3 products / 11 images / three selective Qwen views",,,,Success,Output schema valid; model loaded once; only category-required views are computed
2026-08-20,110_qwen3vl_lora,Qwen3-VL rsLoRA backward,Exact competition image; real image; assistant-suffix-only loss; PEFT 0.20.0 --no-deps,,,,Success,6.42M trainable parameters; finite loss/gradients; 4.38 GiB peak H100 memory
2026-08-21,110_qwen3vl_lora,Qwen3-VL supervised rsLoRA holdout r1,Outer grouped fold 4 excluded from sampling and training,,,,Error,"All 7,352 images downloaded; failed before optimization because a standalone digit token was assumed"
2026-08-21,110_qwen3vl_lora,Qwen3-VL supervised rsLoRA holdout r2,Outer grouped fold 4 excluded from sampling and training,,,,Error,"All 7,352 images downloaded; a 1,024-token truncated card removed the assistant suffix before optimization"
2026-08-21,110_qwen3vl_lora,Qwen3-VL supervised rsLoRA holdout r3,"Outer grouped fold 4 excluded; bounded text + 1,536-token context",0.9517058041648205,0.9230769230769231,0.9373913636208718,Success,Balanced hard-example training; first-image VLM; fold-4 late fusion with four-head OOF reaches 0.954419
2026-08-21,000_text_baseline,Explicit rule-feature CV,Same 5 grouped folds; learned regex/count interactions appended to text SVM,,,,Timeout,12-minute CPU limit expired during the broad LinearSVC grid; no metric produced; lower priority than validated VLM gains
2026-08-21,110_qwen3vl_lora,Qwen3-VL rsLoRA clean holdout f4,Top 10% suspicious training contradictions removed; untouched fold 4,0.947416,0.876712,0.912064,Success,"Below hard mining, especially on rare flammable positives; clean filter rejected"
2026-08-21,110_qwen3vl_lora,Qwen3-VL rsLoRA 5-fold OOF,All five outer grouped folds; first image; hard-example training,0.940979,0.819095,0.880037,Success,LoRA alone; no fold sees its validation labels during training
2026-08-21,110_qwen3vl_lora,Robust late fusion + Qwen3-VL rsLoRA,Five-fold rank fusion calibrated against Public-winning two-head OOF,0.95408895,0.86631016,0.91019956,Success,"Base/LoRA weights: BAD 40/60, flammable 75/25; +0.01090 macro over robust base"
2026-08-21,110_qwen3vl_lora,Nested LoRA calibration,Each fold weight/threshold selected only on the other four grouped folds,0.953415312808545,0.859375,0.9063951564042725,Success,Leakage-free gain +0.00710 over robust base; validates next submission
2026-08-21,900_infrastructure_checks,Logistic meta-fusion,Nested inner/outer grouped stacking over scores and data features,0.9526881720430107,0.856396866840731,0.9045425194418708,Rejected,Below simple rank fusion; extra metadata interactions do not justify Public risk
2026-08-21,900_infrastructure_checks,S3 image extraction audit,All data ids vs extracted S3 keys vs remote ZIP64 central directory,,,,Success,"12,971 products, 49,456 images; missing/extra/noncontiguous/duplicate = 0; extracted set exactly equals ZIP"
2026-08-21,900_infrastructure_checks,LoRA fusion submission smoke,Official image; two mounted Qwen models; vendored PEFT; 3 products / 11 images,,,,Success,"Offline load, inference, output schema and adapter compatibility passed"
2026-08-21,130_qwen35_lora,Qwen3.5-4B rsLoRA backward,Official image; real product image; multimodal classification suffix,,,,Success,3.15M trainable parameters; 9.10 GiB peak H100; full clean holdout running
2026-08-21,130_qwen35_lora,Qwen3.5-4B clean rsLoRA holdout f4,Same clean-filtered untouched outer fold 4,0.9546690843155031,0.868421052631579,0.9115450684735411,Success,Fused with robust base: 0.945805; comparable to Qwen3-VL clean
2026-08-21,130_qwen35_lora,Qwen3.5-4B hard rsLoRA holdout f4,Hard-mined first-image adapter; untouched outer fold 4,0.9488789237668162,0.8888888888888888,0.9188839063278524,Success,Robust-base fusion reaches 0.954843; full five-fold evaluation launched
2026-08-21,130_qwen35_lora,Qwen3.5-4B hard rsLoRA full OOF,Outer grouped folds 0--4; hard-mined first-image adapter,0.9448917516550367,0.8578431372549019,0.9013674444549693,Success,Global robust-base fusion 0.917507; nested pair with base 0.903330
2026-08-21,140_dual_lora_fusion,Nested robust-base + Qwen3-VL + Qwen3.5,"Three-head simplex weights selected on four folds, applied to the fifth",0.9517638588912887,0.8719211822660099,0.9118425205786493,Success,+0.00545 over nested Qwen3-VL pair; global weights 50/25/25 BAD and 15/10/75 flammable
2026-08-21,170_annotator_prior,Dual-LoRA annotator prior,Three-head OOF plus nested repeated-card prior,0.9619227653254119,0.9238329238329238,0.9428778445791679,Success,70/30 simulation 0.961793/0.920390; new primary submission candidate
2026-08-21,140_dual_lora_fusion,Dual-LoRA submission smoke r1,Official image; three mounted Qwen models; 3 products / 11 images,,,,Error,Caught train/inference image-size mismatch before submission; fixed by matching 448px training thumbnails
2026-08-21,140_dual_lora_fusion,Dual-LoRA submission smoke r2,Official image; three mounted Qwen models; corrected 448px preprocessing,,,,Success,Both adapters loaded; 3/3 unique ids and output regex valid
2026-08-21,140_dual_lora_fusion,Dual-LoRA scaled runtime smoke,"Official image; 600 products / 2,274 images; all three model stages",,,,Success,"228.76 s end-to-end inference; projected Public 1,600 = 10.17 min, Private 3,800 = 24.15 min; schema valid"
2026-08-21,180_fuzzy_family_prior,Dual-LoRA fuzzy family prior,Honest donor-only grouped OOF after exact/name prior; 20 repeated stratified 70/30 splits,0.956388538475401,0.8975609756097561,0.9269747570425786,Success,"BAD +0.000761 fixed OOF and +0.000821 mean 70/30 (17/20 wins); 10 decisions changed, manual audit 9/10 correct after vs 1/10 before; disabled for flammable"
2026-08-21,180_fuzzy_family_prior,Dual-LoRA fuzzy-prior submission smoke,Official image; three mounted Qwen models; both adapters; compressed hashed fuzzy prior,,,,Success,3/3 rows valid; prior path exercised in-container with exact=1 and fuzzy=2 hits
2026-08-21,190_shingle_neighbor_prior,Dual-LoRA rare-shingle neighbour prior,Donor-only grouped OOF after exact/name and numeric-family prior; 20 repeated stratified 70/30 splits,0.9572418759564317,0.8975609756097561,0.9274014257830939,Success,"BAD +0.000853 fixed OOF and +0.000726 mean 70/30 (20/20 wins); 13 decisions changed, manual audit 11/13 correct after vs 2/13 before; flammable disabled"
2026-08-21,190_shingle_neighbor_prior,Dual-LoRA shingle-prior smoke r1,Official image; one BAD product with no exact/name/numeric-family hit,,,,Error,"Found common empty-category crash in LinearSVC.decision_function; exact, fuzzy and shingle archives patched"
2026-08-21,190_shingle_neighbor_prior,Dual-LoRA shingle-prior smoke r2,Official image; one BAD product; empty flammable category; compact shingle index,,,,Success,"Valid one-row output; empty category skipped safely; prior hits exact=0, name=0, fuzzy=0, shingle=1"
2026-08-21,150_gemma_lora,Gemma-4-E4B rsLoRA backward,Language attention projections only; vision tower frozen,,,,Success,144 supported projections; 9.47M trainable; 16.13 GiB peak H100; clean holdout running
2026-08-21,150_gemma_lora,Gemma-4-E4B clean rsLoRA holdout f4,Same clean-filtered untouched outer fold 4,0.9513609995537706,0.8493150684931506,0.9003380340234606,Success,Fused with robust base: 0.945685; below Qwen3-VL on the same fold
2026-08-21,150_gemma_lora,Gemma-4-E4B hard rsLoRA holdout f4,Hard-mined first-image adapter; untouched outer fold 4,0.9452780229479258,0.9230769230769231,0.9341774730124245,Success,Robust-base fusion reaches 0.965924 (BAD 0.958165; flammable 0.973684); full five-fold evaluation launched
2026-08-21,150_gemma_lora,Gemma-4-E4B hard rsLoRA full OOF,Outer grouped folds 0--4; hard-mined first-image adapter,0.9397590361445783,0.8608247422680413,0.9002918892063099,Success,"Global robust-base fusion 0.918231; flammable fold F1 ranges 0.810--0.974, so nested validation is required"
2026-08-21,150_gemma_lora,Nested robust-base + Gemma fusion,Each fold calibrated only on the other four grouped folds,0.9518362970243947,0.8535353535353535,0.9026858252798741,Rejected,Below nested robust-base + Qwen3-VL at 0.906395; global 0.918231 is optimistic
2026-08-21,150_gemma_lora,Nested robust-base + Qwen3-VL + Gemma,"Three-head simplex weights selected on four folds, applied to the fifth",0.9521930217956768,0.8514851485148515,0.9018390851552641,Rejected,Gemma destabilizes rare flammable calibration; capped 25% variant is also lower at 0.901413
2026-08-21,160_multiimage_lora,Qwen3-VL multi-image hard rsLoRA holdout f4,"First, second and last product images; untouched outer fold 4",0.9431767337807606,0.8974358974358975,0.9203063156083291,Rejected,"Robust-base fusion 0.953082; below first-image Qwen3-VL on the same fold, so no remaining folds"
2026-08-21,090_advanced_mixed,Public calibration: robust vs advanced fusion,Actual platform Public scores,,,,Success,Late 0.806579 beats advanced 0.785500 despite lower ordinary grouped CV; prioritize duplicate-stress stability
2026-08-21,170_annotator_prior,Annotator/product-family prior,Leave-one-out repeated-card labels; outer-fold parameter selection,0.9607720489679207,0.9052631578947369,0.9330176034313288,Success,Organizer confirmed same ambiguous annotation process in test; +0.00868 macro over current consistent lookup
2026-08-21,170_annotator_prior,Annotator prior 70/30 simulation,"20 stratified row splits matching 12,971 train / ~5,400 hidden proportion",0.960363931336311,0.9092393677220043,0.9348016495291577,Success,Prior beats current lookup by +0.00174 BAD and +0.01868 flammable; exact-repeat coverage ~36% flammable
2026-08-21,200_image_hash_prior,Exact/perceptual image-hash prior,"All 49,456 train images; leave-one-row-out hashes layered after text prior",0.9609625668449198,0.9052631578947369,0.9331128623698284,Rejected,Only +0.000095 macro over text annotator prior; flammable selects no image overrides; 0 download failures
2026-08-21,170_annotator_prior,LoRA annotator-prior smoke,Official image; both Qwen registry models; compressed 0.5 MB prior,,,,Success,Offline inference and exact output schema passed
2026-08-21,100_paddleocr_hard_cases,OCR correction on LoRA fusion,Nested inner/outer CV on 150 label-blind hard cases per category,0.9535426008968609,0.859375,0.9064588004484304,Rejected,Below uncorrected LoRA 0.910200; OCR correction does not stack and is excluded
2026-08-20,110_qwen3vl_lora,Qwen3-VL-2B LoRA compatibility,Registry/model load smoke,,,,Success,2.128B parameters loaded in 6.16 s; PEFT is absent from base image and must be vendored or added via custom Docker
2026-08-21,210_neighbor_priors,Character TF-IDF neighbour prior,Donor-only nested grouped CV after production shingle prior,0.9561853351327035,0.8975609756097561,0.9268731553712298,Rejected,Below baseline 0.9274014258; no stable production configuration selected
2026-08-21,210_neighbor_priors,Rare-token graph prior,Donor-only nested grouped CV after production shingle prior,0.956998920474991,0.8932038834951457,0.9251014019850684,Rejected,Below baseline by 0.002300; flammable degrades materially
2026-08-21,220_soft_annotator_prior,Beta-smoothed soft family prior,Donor-only nested grouped CV with exact/name/canonical posterior,0.9554232088070745,0.8975609756097561,0.9264920922084153,Rejected,Only +0.000330 macro over continuous-model baseline and below selected hard/shingle branch
2026-08-21,230_qwen35_second_seed,Second-seed data-binding attempt,Portable training command with missing external data binding,,,,Error,Failed before GPU optimization; no model evidence
2026-08-21,230_qwen35_second_seed,Second-seed inline-payload attempts,Portable training command with oversized attached dataset,,,,Error,Rejected by runner request-size limit; no model evidence
2026-08-21,230_qwen35_second_seed,Second-seed Qwen3.5 training,Five grouped outer folds plus full-data adapter; seed 31415,,,,Success,All six training jobs completed; OOF artifacts and full adapter await aggregation
2026-08-21,190_shingle_neighbor_prior,Dual-LoRA shingle-prior Public leaderboard,Platform Public leaderboard,,,0.8919244236941932,Success,"Новый лучший Public; +0.0853452605 к прежнему результату 0.8065791632; отправка подтверждает всю архитектуру, но не изолирует вклад одного prior"
2026-08-21,230_qwen35_second_seed,Qwen3.5 two-seed probability ensemble,Nested grouped outer folds; calibration on other four folds,0.9518755059818297,0.8865979381443299,0.9192367220630797,Success,"+0.007394 macro vs Dual-LoRA; 4/5 fold wins; grouped bootstrap P(delta>0)=0.8867 and 95% CI crosses zero; production runtime pending"
2026-08-21,230_qwen35_second_seed,One-pass rank-32 Qwen3.5 LoRA concatenation,Nested grouped outer folds; exact factor reconstruction; one model pass,0.9534695346953469,0.8664987405541562,0.9099841376247515,Rejected,"Below Dual-LoRA by 0.001858; 2/5 fold wins; flammable drops 0.005422; grouped bootstrap P(delta>0)=0.381"
2026-08-21,230_qwen35_second_seed,One-pass scorer data-delivery attempt,Inference-only five-fold job after exact adapter merge,,,,Error,Temporary presigned data URL returned HTTP 403; identical scoring job was retried with verified input and succeeded
2026-08-21,230_qwen35_second_seed,Two-pass probability ensemble runtime smoke,Official image; one H100; stratified 600-row sample; exact submission code,,,,Success,"320.24 seconds for 600 rows; schema valid; projected Public 1600 rows 14.23 min and Private 3800 rows 33.80 min"
2026-08-21,230_qwen35_second_seed,Two-seed ensemble with exact/name family memory,20 identical stratified 70/30 row simulations,0.9619640304616993,0.9233349936688653,0.9426495120652822,Diagnostic,"+0.001558 macro vs old Dual-LoRA under the same family-memory simulation; grouped nested validation remains primary"
2026-08-21,240_flammable_family_balanced_lora,Family-balanced flammable compound sampling,Five grouped outer trainings plus full adapter; standalone fold thresholds only,,,,Inconclusive,"All five standalone flammable F1 signals improved, but 587-625 negative rows also changed and non-recursive output mask retained an empty ZIP; nested per-row evaluation unavailable; do not repeat"
2026-08-21,230_qwen35_second_seed,Qwen3.5 two-seed Public leaderboard,Platform Public leaderboard,,,0.8639458233,Rejected,"Public ниже 190 на 0.0279786004; локальный прирост +0.007394 не перенёсся; второй seed и новые веса не изолированы"
2026-08-22,241_flammable_family_balanced_isolated,Isolated family-balanced flammable seed42 + fixed seed31415,Nested grouped outer folds; fixed probability pair selected before evaluation,0.9534841954022989,0.8967254408060453,0.9251048181041721,Rejected,"+0.005868 vs 230, but only 3/5 fold wins; grouped bootstrap P(delta>0)=0.8403 and 95% CI crosses zero; parent 230 also failed Public"
2026-08-22,270_bad_family_balanced_negatives,Family-balanced negative BAD seed42 + fixed seed31415,Nested grouped outer folds; fixed probability pair selected before evaluation,0.9515664386028088,0.8651399491094147,0.9083531938561118,Rejected,"-0.010884 vs 230; only 1/5 fold wins; flammable drops 0.021458 although its training basket was fixed; grouped bootstrap P(delta>0)=0.0507"
2026-08-22,260_bad_family_diverse_positives,Family-diverse positive BAD seed42 + fixed seed31415,Nested grouped outer folds; fixed probability pair selected before evaluation,0.9520381535139026,0.8905852417302799,0.9213116976220912,Rejected,"+0.002075 vs 230 and both categories improve, but only 3/5 fold wins; grouped bootstrap P(delta>0)=0.6616 and 95% CI crosses zero; parent 230 failed Public"
2026-08-22,241_flammable_family_balanced_isolated,Isolated flammable-family adapter in locked Public-190 fusion,Locked Public-190 weights; threshold fitted on other four grouped folds,0.9536268495128113,0.8635235732009926,0.9085752113569019,Rejected,"-0.014833 vs original seed42; 0/5 fold wins; do not submit this adapter"
2026-08-22,260_bad_family_diverse_positives,Family-diverse positive BAD adapter in locked Public-190 fusion,Locked Public-190 weights; threshold fitted on other four grouped folds,0.9525967551889786,0.9086294416243654,0.9306130984066721,Selected,"+0.007204 vs original seed42; 4/5 fold wins; BAD drop 0.002064 within guardrail; chosen as component for experiment 280"
2026-08-22,270_bad_family_balanced_negatives,Family-balanced negative BAD adapter in locked Public-190 fusion,Locked Public-190 weights; threshold fitted on other four grouped folds,0.9536171371516747,0.8927680798004988,0.9231926084760868,Rejected,"-0.000216 vs original seed42; 3/5 fold wins; no evidence of useful transfer"
2026-08-22,280_bad_family_diverse_public190,Public-190 composition with Qwen3.5 component 260,Locked Public-190 nested validation and unchanged one-pass runtime,0.9525967551889786,0.9086294416243654,0.9306130984066721,Ready,"ZIP 47.8 MB; SHA cd8d60d5; only Qwen3.5 adapter changed; ready for one manual Public upload"
2026-08-22,290_minicpm_v46_visual_screen,MiniCPM-V-4.6 LoRA compatibility smoke,One real product image; Transformers 5.7; one forward and backward pass,,,,Running,"Job redacted-job; one H100; model import and compatibility only"
2026-08-22,290_minicpm_v46_visual_screen,MiniCPM-V-4.6 LoRA compatibility smoke r1,One real product image; processor 4x but model forward default 16x,,,,Error,"Model and 4.18M-parameter LoRA loaded; confirmed 252 image tokens vs 63 features; forward downsample_mode was missing"
2026-08-22,290_minicpm_v46_visual_screen,MiniCPM-V-4.6 LoRA compatibility smoke r2,One real product image; matched 4x processor and model forward,,,,Success,"Loss 0.27936; 210 gradient tensors; 3.50 GiB peak H100; two-fold screen authorized"
2026-08-22,290_minicpm_v46_visual_screen,Two-fold screen data delivery attempt,Local compressed data attached to private compute platform request,,,,Error,"No job created; 9.99 MB request exceeded 5 MB gRPC limit; switched to existing verified S3 object"
2026-08-22,290_minicpm_v46_visual_screen,MiniCPM-V-4.6 predeclared two-fold screen,Grouped folds 0 and 3; cross-fold calibration; fixed Public-190 weights,,,,Running,"Job redacted-job; one H100; existing S3 data object MD5 matches local source"
2026-08-22,280_bad_family_diverse_public190,Public-190 composition with Qwen3.5 component 260,Platform Public leaderboard,,,0.8919244237,Rejected,"Public tied experiment 190 to displayed precision; local locked gain +0.007204 did not produce an online gain; prediction identity cannot be inferred from equal aggregate F1"
2026-08-22,260_bad_family_diverse_positives,Downstream decision-survival audit,Donor-only outer-fold replay of exact/name/numeric-family/shingle priors,0.9553829479768786,0.9086294416243654,0.932006194800622,Diagnostic,"92/97 adapter changes survive priors; delta vs original becomes +0.007358, so downstream masking does not explain the Public tie"
2026-08-22,300_internvl35_attribute_screen,InternVL3.5-2B compatibility smoke,One real product image; one forward and backward pass; one H100,,,,Running,"Job redacted-job; structured flammable attribute branch remains isolated from production components"
2026-08-22,300_internvl35_attribute_screen,InternVL3.5-2B compatibility smoke r0,Isolated infrastructure check before model load,,,,Error,"Job redacted-job; stale Transformers 5.7 vendor lacked requests; model registry initialization succeeded; retry uses a fresh versioned vendor with dependencies"
2026-08-22,310_qwen35_crossfit_soft_targets,Cross-fitted soft-target construction,Outer-fold predictions and calibration exclude each scored row,,,,Success,"Targets SHA 392b1d09; BAD teacher Brier 0.05225; flammable teacher Brier 0.01856; compatibility smoke prepared"
2026-08-22,300_internvl35_attribute_screen,InternVL3.5-2B compatibility smoke r1,Fresh Transformers 4.57.3 environment; one real image; one H100,,,,Running,"Job redacted-job in private-gpu-pool; only confirmed bootstrap failure changed"
2026-08-22,310_qwen35_crossfit_soft_targets,Qwen3.5 soft-target backward smoke,One real image; target 0.2; one H100,,,,Running,"Job redacted-job in private-gpu-pool; prompt-position binary logit loss and nonzero gradients required"
2026-08-22,310_qwen35_crossfit_soft_targets,Qwen3.5 soft-target backward smoke,One real image; target 0.2; one H100,,,,Success,"Job redacted-job; loss 1.04844; 64 gradient tensors; gradient norm 59.3924; peak 8.755 GiB"
2026-08-22,300_internvl35_attribute_screen,InternVL3.5-2B compatibility smoke r1,Isolated Transformers 4.57.3 import audit,,,,Error,"Job redacted-job; requested image-text class exists but unused multimodal class was imported unconditionally; lazy import retry prepared"
2026-08-22,290_minicpm_v46_visual_screen,Shared hard-error cohort audit,Locked 190 and 260 after donor-only production-prior replay,,,,Diagnostic,"Reproduced locally; 452 shared BAD errors and 27 flammable; sports nutrition covers 243 BAD; five flammable attribute cohorts cover 24/27"
2026-08-22,300_internvl35_attribute_screen,InternVL3.5-2B compatibility smoke r2,One real image; lazy image-text model class; one H100,,,,Running,"Job redacted-job in private-gpu-pool; only confirmed import cause changed"
2026-08-22,310_qwen35_crossfit_soft_targets,Qwen3.5 cross-fitted soft-target cycle,Five grouped folds plus full adapter; paired stages on two H100,,,,Running,"Job redacted-job in private-gpu-pool; each subprocess pinned to one GPU; S3 source MD5 matches local data"
2026-08-22,290_minicpm_v46_visual_screen,MiniCPM-V-4.6 predeclared two-fold screen,Cross-fold calibration on grouped folds 0 and 3,0.948822463768116,0.7567567567567568,0.8527896102624364,Rejected,"Baseline 0.894684; delta -0.041895; 0/2 wins; bootstrap P(delta>0)=0.0223; remaining folds and full adapter stopped by gate"
2026-08-22,300_internvl35_attribute_screen,InternVL3.5-2B compatibility smoke r2,Generic AutoProcessor on GitHub-format checkpoint,,,,Error,"Job redacted-job; official checkpoint requires AutoModel plus slow AutoTokenizer and explicit image tiling; native backward prepared"
2026-08-22,300_internvl35_attribute_screen,InternVL3.5-2B native compatibility smoke,Official AutoModel and slow AutoTokenizer path; one 448px tile; one H100,,,,Running,"Job redacted-job in private-gpu-pool; language-attention rsLoRA backward"
2026-08-22,300_internvl35_attribute_screen,InternVL3.5-2B native compatibility smoke,Official custom-code import before model load,,,,Error,"Job redacted-job; baseline lacks required einops and timm; pinned dependency retry prepared"
2026-08-22,300_internvl35_attribute_screen,InternVL3.5-2B native compatibility smoke r1,Official AutoModel path with pinned einops and timm; one H100,,,,Running,"Job redacted-job in private-gpu-pool"
2026-08-22,310_qwen35_crossfit_soft_targets,Qwen3.5 cross-fitted soft-target cycle r0,Two H100; unoptimized full-sequence vocabulary logits,,,,Stopped,"Job redacted-job projected beyond 4h after 25 updates; no checkpoint consumed; relaunch uses native logits_to_keep=1 with identical loss"
2026-08-22,310_qwen35_crossfit_soft_targets,Qwen3.5 cross-fitted soft-target cycle r1,Five grouped folds plus full adapter; logits_to_keep=1; two H100,,,,Running,"Job redacted-job in private-gpu-pool; each subprocess pinned to one GPU"
2026-08-22,300_internvl35_attribute_screen,InternVL3.5-2B native compatibility smoke r1,Official AutoModel path; one 448px tile; language-attention rsLoRA,,,,Success,"Job redacted-job; loss 4.96875; 224 gradient tensors; peak 4.844 GiB; conditional attribute probe authorized"
2026-08-22,300_internvl35_attribute_screen,InternVL3.5 conditional attribute selector,Fixed 20 percent uncertainty band intersected with six text-cue families,,,,Prepared,"909/5502 rows selected without labels; post-selection diagnostic covers 37/44 baseline errors; manifest SHA 6a82dc96"
2026-08-22,300_internvl35_attribute_screen,InternVL3.5 conditional attribute probe,909 predeclared flammable rows; six binary attributes; one H100,,,,Running,"Job redacted-job in private-gpu-pool; gate will be trained donor-to-outer only"
2026-08-22,300_internvl35_attribute_screen,InternVL3.5 conditional attribute probe r0,Strict contiguous six-bit generation on 909 label-blind rows,,,,Invalid,"Job redacted-job succeeded in 1.187 min with zero image failures, but only 214 contiguous and 162 recoverable separated codes; 484 outputs stopped after one bit, so no quality claim is made"
2026-08-22,300_internvl35_attribute_screen,InternVL3.5 conditional attribute probe r1,Same 909 rows and questions; serialization-only retry with min_new_tokens 6 and exact-six-bit parser,,,,Running,"Job redacted-job in private-gpu-pool; donor-to-outer gate will start immediately after integrity checks"
2026-08-22,300_internvl35_attribute_screen,InternVL3.5 conditional attribute gate,573 valid answers; donor-only logistic and inner-OOF threshold for each untouched outer fold,0.9546604046242775,0.8790123456790123,0.9168363751516448,Rejected,"Baseline 0.923409; delta -0.006572; 2/5 wins; 4 corrected vs 9 regressed; bootstrap P(delta>0)=0.0742; no submission integration"
2026-08-22,340_family_contrastive_prototype,Family-contrastive prototype grouped screen,Fixed Gaussian 256d projection; three neighbors per label; one unanimous prototype per donor family; 5 percent weight,,,,Running,"Local five-fold screen; no new VLM pass and no Public submission"
2026-08-22,340_family_contrastive_prototype,Independent pre-metric critique,Raw nearest prototype versus prior negative branches and frozen-fold invariant,,,,Cancelled,"No full-recipe metric read; 2 exact-text families / 9 rows cross folds; reopen only as learned hard-negative projection after connected-family guard"
2026-08-22,validation_connected_family_guard_v2,Connected exact-text and first-image guard,Historical folds preserved; all components spanning folds excluded from selection,,,,Success,"11207 safe / 1764 unsafe rows; 344 crossing components; safe invariant 0; future learned components require component_transfer_gate_v2"
2026-08-22,validation_connected_family_repeated_v1,Three predeclared connected-safe grouped topologies,Seeds 17 31415 20260822; unsafe rows fixed at fold -1,,,,Success,"All 11207 safe rows assigned once per repeat; every connected component stays in one fold; reserved for cheap residual/metric/gate heads"
2026-08-22,310_qwen35_crossfit_soft_targets,Qwen3.5 soft-target cycle stage 1,Folds 0 and 1 complete; folds 2 and 3 started; two H100,,,,Running,"Fold runtimes 40.67/40.57 min; zero download failures; diagnostic base-plus-LoRA Macro 0.90551/0.90326; final locked and connected-safe audits pending"
2026-08-22,320_bad_regulatory_evidence,Label-blind regulatory BAD selector v1,"Frozen sports medicine food and veterinary cues; locked score plus predeclared interactions; no labels or predictions in artifact",,,,Prepared conditionally,"6210 selected rows; 5439 connected-safe; 771 unsafe excluded from training/selection; unique ids; deterministic gzip SHA d254eba1; training waits for completed 310 audit"
2026-08-22,310_qwen35_crossfit_soft_targets,Qwen3.5 soft-target cycle stage 2,Folds 2 and 3 complete; fold 4 and full refit started; two H100,,,,Running,"Fold runtimes 38.88/38.22 min; zero download failures; diagnostic base-plus-LoRA Macro 0.95260/0.92688; locked audit still pending"
2026-08-22,320_bad_regulatory_evidence,Independent pre-training implementation review,"Threshold topology production parity frozen-input binding mixed-family donors context guardrails branching and final gate",,,,Passed after corrections,"No residual fit run; raw first-image embedding removed; 35 reproducible features; component_transfer_gate_v3 sealed and later superseded by integrity-only v4; production packaging remains fail-closed"
2026-08-22,310_qwen35_crossfit_soft_targets,Fail-closed completed-artifact audit pipeline,"Aggregate five OOF files; locked audit; connected component bootstrap; priors replay; frozen 243 sports errors; SHA-bound branch decision",,,,Prepared and smoke-tested,"Generic connected auditor reproduced exp260 safe delta +0.007461 and 4/5 wins; sports auditor reproduced all 243 frozen common errors; no 310 result read early"
2026-08-22,320_bad_regulatory_evidence,Fail-closed transfer gate v4,"Exact residual gate allowlist; deterministic one-of stability; semantic replay of post310 branch and downstream priors",,,,Prepared and tested,"Independent review found two fail-open paths; fixed before training. Canonical four-file SHA binding plus full decision replay; prior inputs must match residual scores; 10 focused tests pass"
2026-08-22,310_qwen35_crossfit_soft_targets,Qwen3.5 cross-fitted soft targets final,"Five grouped folds plus full refit; locked 190 replacement connected-safe audit prior replay and frozen sports errors",0.9531447108,0.8693467337,0.9112457222,Rejected,"Locked baseline 0.9234086337; delta -0.0121629115; 1/5 wins; connected-safe delta -0.0128269397; 30 corrected vs 56 regressed; no package or submission"
2026-08-22,320_bad_regulatory_evidence,Sports-regulatory BAD residual final,"Family-weighted Ridge on frozen label-blind selector; nested historical connected-safe three repeats and prior replay",0.9542378917,0.8921568627,0.9231973772,Rejected,"Locked delta -0.0002112564; 2/5 wins; connected-safe delta -0.0002144450; repeat mean +0.0001300559; priors delta -0.0006531424; 75 corrected vs 87 regressed; full refit blocked"
2026-08-22,330_label_blind_uncertainty_gate,Selective production disagreement gate,"Nested Platt reliability; two-of-three opposing production signals; frozen confidence grid; no new model pass",,,,Prepared,"Source SHA e87061a2; historical connected-safe three repeats bootstrap and downstream priors required before refit"
2026-08-22,330_label_blind_uncertainty_gate,Selective production disagreement gate final,"Stable nested Platt reliability r1; two-of-three opposing production signals; no new model pass",0.9539212143,0.8921568627,0.9230390385,Rejected,"Historical delta -0.0003695952 and 0/5 wins; connected-safe -0.0006354711 and 0/5; 3 corrected vs 15 regressed safe; all repeats negative; priors delta -0.0002270536"
2026-08-22,350_sports_bad_counterfactual_ablation,Sports-BAD counterfactual shortcut screen,"Connected-safe donor TF-IDF LinearSVC; regulatory sports and neutral-placebo ablations; fixed directional gate",,,,Running locally,"Source SHA 178314d2; no new VLM or adapter; historical connected-safe plus three repeated topologies and priors required"
2026-08-22,350_sports_bad_counterfactual_ablation,Sports-BAD counterfactual shortcut final,"20 donor-only TF-IDF fits; fixed regulatory sports and placebo ablations; connected gates",0.9505385339,0.8877551020,0.9191468180,Rejected,"Connected delta -0.0002059982; 2/5 wins; 19 corrected vs 25 regressed; sports -0.0005716484; singleton -0.0037060983; two repeats negative; priors -0.0001454540"
2026-08-22,360_hard_negative_diagonal_metric,Learned hard-negative family metric stage 1,"Donor-only connected-family prototypes; nearest same/opposite pair learning; top-256 diagonal metric; top-2-percent selective gate",,,,Running locally,"Source SHA 8f24c394; successive halving stops before repeats unless connected-safe stage 1 reaches +0.001 and 4/5 wins"
2026-08-22,360_hard_negative_diagonal_metric,Learned hard-negative family metric stage 1 final,"Ten connected category-fold metrics; top-256 diagonal projection; frozen total-confidence gate",0.9509505304,0.8877551020,0.9193528162,Rejected stage1,"No changes because all 730 disagreements lie below per-category top-2-percent total confidence; posthoc diagnostic 7/2 corrected/regressed on top 10 percent flammable disagreements is not counted and requires new replication"
2026-08-22,370_flammable_metric_disagreement_replication,Flammable metric-disagreement replication,"Three new connected topologies; fold-local hard-negative metric; top ten percent of disagreements; BAD frozen",,,,Running locally,"Source SHA 427acfef; historical 7/2 is motivation only; acceptance requires all repeats positive mean +0.001 and 11/15 wins"
2026-08-22,370_flammable_metric_disagreement_replication,Flammable metric-disagreement replication final,"Three connected-safe topology replications; flammable-only top-ten-percent metric disagreements; BAD and unsafe frozen",,,,Rejected offline; promising signal,"Repeat deltas -0.000225 +0.002386 +0.005248; mean +0.002469; 6/15 wins; 22 corrected vs 13 regressed; bootstrap P 0.4818 0.7046 0.9054; no full refit or package"
2026-08-22,380_all_image_hard_negative_metric_parity,Production-parity all-image hard-negative metric,"Same frozen flammable-only top-ten-percent disagreement mechanism as 370; all-image embeddings from own successful production-compatible job",,,,Running locally,"All-image embedding SHA de350949; three connected replications; no GPU training or Public package before acceptance"
2026-08-22,380_all_image_hard_negative_metric_parity,Production-parity all-image hard-negative metric final,"Three connected-safe topology replications; production all-image representation; frozen flammable disagreement rule",,,,Rejected offline; promising signal,"Repeat deltas +0.002650 +0.001486 -0.001105; mean +0.001011; 6/15 wins; 15 corrected vs 10 regressed; all bootstrap P below 0.80; no package"
2026-08-22,390_bagged_all_image_hard_negative_metric,Family-bagged all-image hard-negative metric,"Three fixed 80-percent donor-family metrics per fold; unanimous direction; top ten percent by minimum margin; flammable only",,,,Running locally,"Seeds 39041 39042 39043 frozen before scoring; three connected topology; no threshold tuning"
2026-08-22,390_bagged_all_image_hard_negative_metric,Family-bagged all-image hard-negative metric final,"Three fixed 80-percent donor-family metrics per fold; unanimous direction; frozen flammable gate",,,,Rejected offline; promising signal,"Repeat deltas +0.004077 -0.001105 +0.001486; mean +0.001486; 7/15 wins; 15 corrected vs 9 regressed; no full refit or package"
2026-08-22,400_qwen35_category_routed_adapters,Category-routed Qwen3.5 adapters,"Original 190 adapter for BAD; experiment 260 adapter only for flammable; one pass per row",,,,Running locally,"Motivated before audit by Public tie of 280 and opposing locked category deltas; locked connected-safe and prior replay required"
2026-08-22,400_qwen35_category_routed_adapters,Category-routed Qwen3.5 adapters final,"Original 190 adapter for BAD; experiment 260 adapter only for flammable; one pass per row",0.9546604046,0.9086294416,0.9316449231,Ready for manual Public,"Delta +0.008236; 4/5 wins; 17 corrected vs 9 regressed; connected-safe +0.008503 P=0.8585; all 26 changes survive priors; two-category official smoke succeeded"
2026-08-22,410_badpos_flammable_family_diverse_negatives,Family-diverse flammable negatives on routed 260,"Exact 260 training recipe; only flammable negative row sampling changes to one representative per normalized text family; routed to flammable only",,,,Running on three H100 jobs,"Jobs a folds 0-1; b folds 2-3; c fold 4 plus full; frozen gate +0.003 and 4/5 with no flammable FN increase; inherited OOF-hardness limitation recorded"
2026-08-22,410_badpos_flammable_family_diverse_negatives,Fold 0 standalone diagnostic,"Holdout-tuned LoRA and base-fusion reports; diagnostic only and not the locked routed acceptance metric",0.9454870420,0.8181818182,0.8818344301,Negative warning,"Parent 260 standalone Macro 0.9191850100; candidate delta -0.0373505799; flammable delta -0.0733844469; remaining jobs continue because frozen acceptance allows one fold loss"
2026-08-22,410_badpos_flammable_family_diverse_negatives,Fold 4 standalone diagnostic,"Holdout-tuned LoRA and base-fusion reports; diagnostic only and not the locked routed acceptance metric",0.9553172475,0.8275862069,0.8914517272,Second negative warning,"Parent 260 standalone Macro 0.9510933368; candidate delta -0.0596416096; flammable delta -0.1236333053; holdout-tuned fusion delta -0.0068013856; full frozen audit still required"
2026-08-22,410_badpos_flammable_family_diverse_negatives,Fold 2 standalone diagnostic,"Holdout-tuned LoRA and base-fusion reports; diagnostic only and not the locked routed acceptance metric",0.9522091975,0.9210526316,0.9366309145,Third negative warning,"Parent 260 standalone Macro 0.9478647224; candidate delta -0.0112338079; flammable delta -0.0263157895; holdout-tuned fusion delta -0.0066538872; systematic positive-recall risk"
2026-08-22,420_qwen35_flammable_recall_continuation,Recall-oriented flammable continuation prepared,"Matching 260 fold adapter continued in place; connected-safe flammable replay; five positive exposures per row and equal unique stable-hash negatives; lr 2e-5",,,,Prepared not launched,"Screen folds 0 and 3 frozen; manifest SHA b24dde15; 1510 and 1530 records; selection uses no predictions or 400 error cohorts; waits for 410 GPU slots"
2026-08-22,410_badpos_flammable_family_diverse_negatives,Fold 1 fixed-threshold diagnostic,"Production-threshold routed diagnostic only; not the nested acceptance metric",0.9537078652,0.8536585366,0.9036832009,Positive diagnostic,"Delta +0.007076; 2 corrected vs 1 regressed; flammable FN -1"
2026-08-22,410_badpos_flammable_family_diverse_negatives,Fold 3 fixed-threshold diagnostic,"Production-threshold routed diagnostic only; not the nested acceptance metric",0.9566395664,0.8800000000,0.9183197832,Positive diagnostic,"Delta +0.005789; 1 corrected vs 0 regressed; flammable FN unchanged"
2026-08-22,410_badpos_flammable_family_diverse_negatives,Family-diverse flammable negatives final,"Locked 190 category routing v2; connected-safe component bootstrap; FN and safety cohorts; production-prior replay",0.9546604046,0.8636363636,0.9091483841,Rejected offline,"Baseline 400 0.9316449231; delta -0.0224965390; 2/5 wins; 7/25 corrected/regressed; FN +8; safety FN +3; connected -0.0234335840 P=0.0108; repeat seed blocked"
2026-08-22,420_qwen35_flammable_recall_continuation,Recall continuation two-fold screen,"Reject-only hybrid nested threshold; continuation OOF on folds 0 and 3; parent 260 on folds 1 2 4",,,,Running on two H100 jobs,"Jobs redacted-job and redacted-job; parent adapters stored under s3://private-artifact-store/private-prefix/experiments/420/; no full cycle before both gates pass"
2026-08-22,420_qwen35_flammable_recall_continuation,Recall continuation two-fold screen final,"Reject-only hybrid nested threshold; continuation OOF on folds 0 and 3; parent 260 on folds 1 2 4",,,,Rejected offline,"Fold 0 delta -0.026410 with 0/4 corrected/regressed and FN +3; fold 3 delta -0.007801 with 0/1 and FN +1; safety FN +1 on fold 3; both artifacts integrity-checked; full cycle blocked"
2026-08-22,430_qwen35_flammable_adapter_soup,One-pass flammable adapter interpolation,"Exact rank-32 weighted LoRA-delta concatenation; frozen alpha grid; nested alpha and threshold selection; pure 190 route for BAD",,,,Running on three H100 jobs,"Jobs redacted-job redacted-job redacted-job; no training; parent bundles stored under s3://private-artifact-store/private-prefix/experiments/430/ and checksum-bound; local merge smoke 64 tensors with zero factor error"
2026-08-22,430_qwen35_flammable_adapter_soup,One-pass flammable adapter interpolation final,"Locked nested alpha and threshold selection; connected-safe bootstrap; false-negative and correction audit",0.9546604046,0.9150000000,0.9348302023,Rejected offline — promising signal,"Baseline 400 0.9316449231; delta +0.0031852792; alpha 0.50 on 5/5 folds; 2 wins and 3 ties; 7/5 corrected/regressed; FN -4; connected +0.0033482143 P=0.7334; no full adapter or submission"
2026-08-22,440_qwen3vl_rdrop,R-Drop two-fold screen infrastructure attempts,"Null control plus exact private compute platform selector binding; no model training completed",,,,Superseded infrastructure attempts,"Initial pair lacked DATA_URL; next fold-0 attempt exposed local versus private compute platform RNG order mismatch and fold-3 pending attempt was cancelled before GPU work; neither is model evidence"
2026-08-22,440_qwen3vl_rdrop,Exact private compute platform selector probe,"Same baseline image and experiment-110 selector; folds 0 and 3; no model load",,,,Success,"Job redacted-job; 5390 records and 4758 unique rows per fold; selector ZIP SHA 79b5738b; exact indices now frozen"
2026-08-22,440_qwen3vl_rdrop,R-Drop two-fold reject screen,"Only Qwen3-VL objective changes; folds 0 and 3; frozen category-routed 400 evaluator",,,,Running on two H100 jobs,"Jobs redacted-job on private-gpu-pool and redacted-job on private-gpu-pool; no full cycle or package before both gates pass"
2026-08-22,440_qwen3vl_rdrop,R-Drop two-fold reject screen final,"Hybrid nested evaluation against frozen 400; only folds 0 and 3 replace Qwen3-VL ranks",,,0.9117688746,Rejected at screen,"Mean delta -0.0202913901; fold deltas -0.0356757073 and -0.0049070730; fold-0 flammable -0.0714749838 and FN +5; 25/36 corrected/regressed; full cycle prohibited"
2026-08-22,450_flammable_transaction_scope,Label-blind transaction-scope text view,"Cross-fitted LinearSVC on frozen title plus scope-sentence representation; nested donor-only weight and threshold; BAD copied from 400",0.9546604046,0.8951406650,0.9249005348,Rejected offline,"Baseline 400 0.9316449231; delta -0.0067443883; 0/5 wins; 1/6 corrected/regressed; flammable FN +4; safety FN +2; connected -0.0070476190 P=0.0158"
2026-08-22,460_qwen3vl_embedding,Qwen3-VL-Embedding-2B multimodal transfer,"12971 normalized 2048d title-description-first-image vectors; frozen cross-fitted LinearSVC and nested flammable-only integration",0.9546604046,0.8753180662,0.9149892354,Rejected offline,"Baseline 400 0.9316449231; delta -0.0166556877; 0/5 wins; 2/15 corrected/regressed; flammable FN +7; safety FN +2; connected -0.0173676898 P=0.0037; extraction 6.05 min on one H100"
2026-08-22,470_qwen35_adapter_soup_seed_repeat,Independent-seed fixed-alpha adapter-soup screen,"Seed 31415; folds 0 and 3; alpha 0.50; compare pure specialist against exact one-pass soup with frozen weights and thresholds",,,,Running on two H100 jobs,"Jobs redacted-job on private-gpu-pool and redacted-job on private-gpu-pool; both completed image download with zero failures and entered training"
2026-08-22,470_qwen35_adapter_soup_seed_repeat,Independent-seed fixed-alpha adapter-soup screen final,"Seed 31415; folds 0 and 3; fixed alpha 0.50; frozen 430 thresholds; connected-safe audit",0.9527896996,0.8427672956,0.8977784976,Rejected at screen,"Delta +0.0010014822; fold deltas -0.0001583782 and +0.0040584416; 1/2 wins; 4/4 corrected/regressed; flammable FN -1; safety FN -1; connected +0.0011111605 P=0.5444; full cycle blocked"
2026-08-22,480_qwen35_fisher_blockwise_soup,Train-only blockwise Fisher adapter merge,"Prepared reject-only folds 0 and 3; lambda 1.0; alpha clip 0.10-0.90; same-seed global alpha-0.50 baseline; no holdout tuning",,,,Prepared not launched,"One rank-32 one-pass adapter; broad-original and rare-flammable specialist gradient energy computed only on train folds; awaiting launch after user report"
2026-08-22,490_evidence_grounded_explanations,Organizer explanation-quality clarification,"Manual review is primary on an approximately 200-row finalist sample; comments must cite concrete card-specific evidence; generic templates can cause exclusion or prize reranking",,,,Research recorded,"Current 190/400 renderer has four generic comments and no product fields; classification artifact unchanged but final-readiness blocked"
2026-08-22,490_evidence_grounded_explanations,Evidence-grounded justification research,"Frozen verdict; exact text span or localized visual fact; closed policy concept; NO_SAFE_EVIDENCE fallback; blinded 200-row human rubric",,,,Prepared not implemented,"Gate 200/200 verdict+format; 0/200 observed critical unsupported claims; at least 189/200 strict row-pass; deterministic text extractor before rationale LoRA"
2026-08-22,validation_integrity_post470_v1,Independent end-to-end validation audit,"Historical OOF provenance; connected-family edges; selector nesting; production-threshold parity; adaptive fold reuse",,,,Validation redesign required,"400 exact-production delta +0.002347 overall and +0.002386 connected-safe; folds 1 and 3 negative; 190 remains validated champion; 480 paused"
