id,direction,parent_experiment,changed_factor,mechanism,expected_macro_f1_delta,falsification,planned_gpu_hours,planned_public_submissions,review_decision,status,experiment
H001,Второе обучение Qwen3.5,140_dual_lora_fusion,Объединить два независимо обученных адаптера Qwen3.5,Частично разные ошибки могут компенсироваться без замены семейства модели,0.001-0.003,Меньше 4 побед по разбиениям или падение F1 категории больше 0.005,1.0,0,Ожидает проверки,Подготовлено,230_qwen35_second_seed
H002,Товарные семейства,190_shingle_neighbor_prior,Заменить жёсткую метку семейства вероятностью с учётом уверенности,Для противоречивых семейств нужна оценка неопределённости вместо безусловной замены,0.001-0.004,Нет выигрыша хотя бы в 16 из 20 моделирований повторяемости,0.5,0,Ожидает проверки,Предложено,
H003,Ошибки разметки,140_dual_lora_fusion,Добавить защиту от позднего запоминания меток в одну ветку LoRA,Ослабление запоминания противоречий может улучшить перенос на новые семейства,0.001-0.005,Нет прироста во вложенной групповой проверке или устойчивость к контрольному шуму не растёт,2.0,0,Ожидает проверки,Предложено,
H004,Отдельная модель легковоспламеняющихся,140_dual_lora_fusion,Добавить понятные признаки свойств товара,Наличие топлива состав комплекта и встроенный поджиг соответствуют известным причинам ошибок редкого класса,0.002-0.008,F1 категории не улучшается хотя бы на 3 разбиениях,3.0,0,Ожидает проверки,Предложено,
H005,Доказательство на изображении,110_qwen3vl_lora,Выбирать участок упаковки до распознавания,Сосредоточение на решающей надписи может помочь без шума всей галереи,0.001-0.004,Сложные случаи где нужен снимок не улучшаются при ограничении времени плюс 20 процентов,2.0,0,Ожидает проверки,Предложено,
H006,Gemma multi-image SFT,150_gemma_lora,Все 5 изображений + OCR-абляция + loss только на вердикте,Больше визуального покрытия упаковки и узкий таргет снижают parse/verdict ошибки zero-shot,0.3,macro-F1 на val < zero-shot + 0.03 на всех конфигах Track A,12.0,1,Ожидает проверки,В работе,240_gemma4_lora_sft
H007,Контрастивный эмбеддер,030_qwen3vl_embedding,Sigmoid/triplet дообучение Qwen3-VL-Embedding-2B,Сближение same-label пар улучшает линейную разделимость image head для фьюжна,0.02,Gain embedding-head < +0.01 macro к zero-shot на val после полной абляции,8.0,0,Ожидает проверки,В работе,241_qwen3vl_contrastive
H008,Фьюжн QC-веток,040_late_fusion,Weighted fusion Gemma-LoRA + контрастивный эмбеддер с пороговым тюнингом,Независимые ошибки генеративной и эмбеддинговой веток компенсируются,0.01,Fusion macro-F1 < лучшая одиночная ветка + 0.01 на val,2.0,1,Ожидает проверки,Подготовлено,242_fusion_grid
H009,Дообучение эмбеддера под чемпиона,190_shingle_neighbor_prior,Заменить zero-shot Qwen3-VL/Qwen3.5 эмбеддинги на дообученные с hard mining и LinearSVC head,Чемпион уже построен на эмбеддерах; task-specific fine-tuning + SVM/rank-fusion должен улучшить image head,0.005,Нет gain ≥ +0.005 на nested grouped CV после полной абляции,10.0,1,Ожидает проверки,Подготовлено,243_embedder_tuning_for_top
