date,filename,status,architecture,validation,public_f1,private_f1,final,sha256,notes
2026-08-21,quality-qwen3vl-advanced-mixed-submit.zip,Success,Category-mixed Qwen: BAD text+cross-modal interaction; flammable four-head ensemble,Grouped 5-fold macro 0.907184; official-image H100 smoke 3/3,0.7855000087,,false,76b95d567d5ad0d4d8a3524a9b0055ddf6d5685f1bc0d3298dd1c1a8b82683ed,Public ниже late fusion на 0.0211: interaction/ExtraTrees переобучились на train-похожие товары
2026-08-21,quality-qwen3vl-late-fusion-submit.zip,Success,Full-data TF-IDF SVM + Qwen3-VL embedding SVM; category rank fusion,Grouped 5-fold macro 0.899297; official-image H100 smoke 3/3,0.8065791632,,false,79badddbda04840d7013dd2cde0ff0fd8e29043d14dc6123f3b8a0633667a26b,Новый лучший Public; устойчивый двухголовый base для следующих LoRA fusion
2026-08-21,quality-qwen3vl-lora-fusion-submit.zip,Ready,Public-proven text/Qwen embedding late fusion + full-data Qwen3-VL-2B-Instruct rsLoRA,Nested grouped 5-fold macro 0.906395; global OOF 0.910200; official-image H100 smoke 3/3,,,false,1e62935d4ebc82f103c833c27dfc36acbe0bc20df6468d1c5bb0446f0797b5d7,"Следующий Public кандидат; 31 MB, base weights mounted from registry"
2026-08-21,quality-qwen3vl-lora-prior-submit.zip,Ready,Qwen3-VL LoRA fusion + leave-one-out calibrated annotator/product-family prior,Nested grouped recurrence macro 0.933018; +0.00868 over existing consistent lookup; H100 smoke 3/3,,,false,b26b00ddbce72bb66cca79a8cc2cdb1c721899c757cae93480a2663a982618e9,Riskier Public probe based on organizer confirmation that test uses the same ambiguous labeling process
2026-08-21,quality-qwen3vl-qwen35-dual-lora-prior-submit.zip,Ready,Robust text/embedding base + Qwen3-VL rsLoRA + Qwen3.5-4B rsLoRA + annotator prior,Nested recurrence macro 0.942878; 70/30 macro ~0.94109; official 600-row H100 runtime/schema smoke,,,false,6cc2fda9d17d959880050889d964c3b971b92adbfa606505df7f04b46a819cd3,"Exact/name-prior control; 42 MB, Public ~10.2 min and Private ~24.1 min; patched to skip absent categories"
2026-08-21,quality-qwen3vl-qwen35-dual-lora-fuzzy-prior-submit.zip,Ready,Dual-LoRA rank fusion + exact/name annotator prior + unanimous numeric-variant family prior for BAD,"Honest OOF +0.000761 BAD; 70/30 +0.000821 mean, 17/20 wins; official H100 smoke 3/3",,,false,710404645f19294d245bb7a4cb1d60dcc606f356e0e596b24cd26b1e720dbb06,"Numeric-family control; 10 OOF changes, manual audit improves 1/10 to 9/10; flammable disabled; empty-category safe"
2026-08-21,quality-qwen3vl-qwen35-dual-lora-shingle-prior-submit.zip,Success,Dual-LoRA + exact/name + numeric-family + rare 5-word shingle-neighbour prior for BAD,Donor-only OOF BAD 0.957242 vs 0.956389 (+0.000853); 20/20 repeated 70/30 wins; one-category H100 smoke,0.8919244236941932,,false,fb6dd3c0ec53a0d4810f423fcde78fee7b0cdd1b74c9ee61333b4c61a5f9978f,Новый лучший Public; 45 MB; архитектура целиком подтверждена leaderboard; отдельный вклад shingle prior этой отправкой не измеряется
2026-08-20,quality-text-full-submit.zip,Ready,Full-data word+char TF-IDF + per-category LinearSVC,Grouped 5-fold macro 0.889576; official-image CPU smoke 4/4,,,false,d7c8ea8b807029f5e656948f9ff53e8247267dfe22c0d289a0dc2a4940200bc5,Контрольный кандидат без GPU; исправлен refit на 100% train
2026-08-20,quality-qwen3vl-multimodal-submit.zip,Success,Qwen3-VL-Embedding-2B → LinearSVC,5-fold OOF macro 0.902350; H100 smoke 3/3,0.7220131910937984,,false,180cc8eae13fa88a0419a969e06aa798e9075b1b217b0b6590067790026f2503,Лучший подтверждённый Public; OOF был оптимистичен
2026-08-20,quality-qwen35-prompt-submit.zip,Success,"Qwen3.5-4B, text-only prompt",80-row diagnostic only,0.5799005184251086,,false,194355d9a8f5f30e9146b7964aa60d8fd198d54f12c93852a420a170c5649221,Vision был отключён
2026-08-19,quality-text-strong-submit.zip,Success,TF-IDF + per-category LinearSVC,Random holdout 0.9043,0.7130258381379457,,false,bb6d5fbc3e2c8abc435a973ec0132f08331a09df299d9bf58564b2296eada1cd,Лучший подтверждённый Public
2026-08-19,quality-text-submit.zip,Success,Text baseline,,0.4790290464300389,,false,,Ранний baseline
2026-08-11,quality-baseline-submit.zip,Success,Official multimodal baseline,,0.5077170722469463,,false,,Публичный baseline организаторов
2026-08-11,submission_text_baseline.zip,Success,Official text baseline,,0.7004734562304825,,false,,Публичный text baseline организаторов
2026-08-11,submission_text_baseline.zip,Error,Official text baseline,,,,false,,Container finished with non-zero exit code
2026-08-20,quality-qwen35-vlm-prompt-submit.zip,Success,Qwen3.5-4B direct multimodal prompt,H100 vision smoke v1: 1/3; tuned v2: 3/3,0.4684032993385511,,false,2fcd6fac04e4e4cf3c9f736cd1f881df89e131cfa502cbd19d0484fd7404c083,Direct prompting плохо обобщился; thinking off
2026-08-20,submit_paddle_gemma_v0.zip,Error,Paddle/Gemma (внешний leaderboard),,,,false,,Failed; не наш сабмит
2026-08-21,quality-qwen35-two-seed-submit.zip,Success,Robust base + Qwen3-VL rsLoRA + mean probabilities of Qwen3.5 seed 42 and 31415 + production family priors,"Nested grouped Macro F1 0.919237; 4/5 fold wins; official-image 600-row H100 schema/runtime smoke",0.8639458233,,false,94fb93d731ce8884a45e6874c15f8a4e51e920ffdcea35cef3ee780d8e08b4c0,"Public ниже 190 на 0.0279786004; рецепт отклонён онлайн, 190 остаётся финальным"
2026-08-22,quality-public190-badfam-v280.zip,Success,Public-190 architecture with only Qwen3.5 adapter replaced by family-diverse positive BAD component 260,"locked_190_nested_v1 Macro 0.930613 vs 0.923409; +0.007204; 4/5 fold wins; runtime unchanged",0.8919244237,,false,cd8d60d5446823aac766e1e0f6db28d4654129a411c8cbdefd466e5d27e89fcb,"Public tied 190 to displayed precision; no online improvement; rejected as replacement and thresholds remain frozen"
2026-08-22,quality-public190-category-route-v400.zip,Ready,Public-190 with original Qwen3.5 adapter for BAD and component 260 only for flammable,"locked category-routed Macro 0.931645 vs 0.923409; +0.008236; 4/5; connected-safe +0.008503; official smoke passed",,,,2a99472be1d2b753ae93036becdaee5595f44c4694d161e11fd9d59d2c52a373,"Ready for manual upload; no Public result yet"
